Country,Year,NX
1,2000,-359372152.784699
2,2000,41379149.3954748
3,2000,-165559873.503047
4,2000,125949452.911531
5,2000,-442859.516515186
6,2000,358046283.497255
